/*
Navicat MySQL Data Transfer

Source Server         : 127.0.0.1
Source Server Version : 50553
Source Host           : localhost:3306
Source Database       : tplay

Target Server Type    : MYSQL
Target Server Version : 50553
File Encoding         : 65001

Date: 2018-07-19 13:42:18
*/

SET FOREIGN_KEY_CHECKS=0;

-- ----------------------------
-- Table structure for tplay_admin
-- ----------------------------
DROP TABLE IF EXISTS `tplay_admin`;
CREATE TABLE `tplay_admin` (
  `id` int(11) NOT NULL AUTO_INCREMENT,
  `nickname` varchar(20) DEFAULT NULL COMMENT '昵称',
  `name` varchar(100) NOT NULL,
  `password` varchar(255) NOT NULL,
  `thumb` int(11) NOT NULL DEFAULT '1' COMMENT '管理员头像',
  `create_time` int(11) NOT NULL COMMENT '创建时间',
  `update_time` int(11) NOT NULL COMMENT '修改时间',
  `login_time` int(11) DEFAULT NULL COMMENT '最后登录时间',
  `login_ip` varchar(100) DEFAULT NULL COMMENT '最后登录ip',
  `admin_cate_id` int(2) NOT NULL DEFAULT '1' COMMENT '管理员分组',
  PRIMARY KEY (`id`),
  KEY `id` (`id`) USING BTREE,
  KEY `admin_cate_id` (`admin_cate_id`) USING BTREE,
  KEY `nickname` (`nickname`) USING BTREE,
  KEY `create_time` (`create_time`) USING BTREE
) ENGINE=MyISAM AUTO_INCREMENT=17 DEFAULT CHARSET=utf8;

-- ----------------------------
-- Records of tplay_admin
-- ----------------------------
INSERT INTO `tplay_admin` VALUES ('1', 'Tplay', 'admin', '31c64b511d1e90fcda8519941c1bd660', '3', '1510885948', '1531819072', '1531967821', '127.0.0.1', '1');
INSERT INTO `tplay_admin` VALUES ('16', '测试', 'ceshi', '31c64b511d1e90fcda8519941c1bd660', '4', '1531820751', '1531901052', '1531967542', '127.0.0.1', '20');

-- ----------------------------
-- Table structure for tplay_admin_cate
-- ----------------------------
DROP TABLE IF EXISTS `tplay_admin_cate`;
CREATE TABLE `tplay_admin_cate` (
  `id` int(11) NOT NULL AUTO_INCREMENT,
  `name` varchar(100) NOT NULL,
  `permissions` text COMMENT '权限菜单',
  `create_time` int(11) NOT NULL,
  `update_time` int(11) NOT NULL,
  `desc` text COMMENT '备注',
  PRIMARY KEY (`id`),
  KEY `id` (`id`) USING BTREE,
  KEY `name` (`name`) USING BTREE,
  KEY `create_time` (`create_time`) USING BTREE
) ENGINE=MyISAM AUTO_INCREMENT=21 DEFAULT CHARSET=utf8;

-- ----------------------------
-- Records of tplay_admin_cate
-- ----------------------------
INSERT INTO `tplay_admin_cate` VALUES ('1', '超级管理员', '51,4,5,6,7,8,11,13,14,16,17,19,20,21,25,26,28,29,59,34,35,37,38,39,40,42,43,44,45,47,48,52,53,54,55,56,57,58', '1531820706', '1531907852', '超级管理员，拥有最高权限！');
INSERT INTO `tplay_admin_cate` VALUES ('20', '测试管理员', '34,35,37,38,39,40,42,43,44,47,48', '1531820706', '1531820706', '1316');

-- ----------------------------
-- Table structure for tplay_admin_log
-- ----------------------------
DROP TABLE IF EXISTS `tplay_admin_log`;
CREATE TABLE `tplay_admin_log` (
  `id` int(11) NOT NULL AUTO_INCREMENT COMMENT '操作日志id',
  `admin_menu_id` int(11) NOT NULL COMMENT '操作菜单id',
  `admin_id` int(11) NOT NULL COMMENT '操作者id',
  `ip` varchar(100) DEFAULT NULL COMMENT '操作ip',
  `operation_id` varchar(200) DEFAULT NULL COMMENT '操作关联id',
  `create_time` int(11) NOT NULL COMMENT '操作时间',
  PRIMARY KEY (`id`),
  KEY `id` (`id`) USING BTREE,
  KEY `admin_id` (`admin_id`) USING BTREE,
  KEY `create_time` (`create_time`) USING BTREE
) ENGINE=MyISAM AUTO_INCREMENT=38 DEFAULT CHARSET=utf8;

-- ----------------------------
-- Records of tplay_admin_log
-- ----------------------------
INSERT INTO `tplay_admin_log` VALUES ('1', '50', '1', '127.0.0.1', '', '1531818654');
INSERT INTO `tplay_admin_log` VALUES ('2', '49', '1', '127.0.0.1', '2', '1531818997');
INSERT INTO `tplay_admin_log` VALUES ('3', '49', '1', '127.0.0.1', '3', '1531819070');
INSERT INTO `tplay_admin_log` VALUES ('4', '7', '1', '127.0.0.1', '1', '1531819072');
INSERT INTO `tplay_admin_log` VALUES ('5', '19', '1', '127.0.0.1', '1', '1531820397');
INSERT INTO `tplay_admin_log` VALUES ('6', '20', '1', '127.0.0.1', '1', '1531820415');
INSERT INTO `tplay_admin_log` VALUES ('7', '28', '1', '127.0.0.1', '20', '1531820706');
INSERT INTO `tplay_admin_log` VALUES ('8', '49', '1', '127.0.0.1', '4', '1531820727');
INSERT INTO `tplay_admin_log` VALUES ('9', '25', '1', '127.0.0.1', '16', '1531820751');
INSERT INTO `tplay_admin_log` VALUES ('10', '50', '16', '127.0.0.1', '', '1531820779');
INSERT INTO `tplay_admin_log` VALUES ('11', '50', '1', '127.0.0.1', '', '1531892817');
INSERT INTO `tplay_admin_log` VALUES ('12', '4', '1', '127.0.0.1', '52', '1531894228');
INSERT INTO `tplay_admin_log` VALUES ('13', '28', '1', '127.0.0.1', '1', '1531894263');
INSERT INTO `tplay_admin_log` VALUES ('14', '4', '1', '127.0.0.1', '53', '1531895175');
INSERT INTO `tplay_admin_log` VALUES ('15', '28', '1', '127.0.0.1', '1', '1531895214');
INSERT INTO `tplay_admin_log` VALUES ('16', '4', '1', '127.0.0.1', '54', '1531898571');
INSERT INTO `tplay_admin_log` VALUES ('17', '28', '1', '127.0.0.1', '1', '1531898588');
INSERT INTO `tplay_admin_log` VALUES ('18', '25', '1', '127.0.0.1', '16', '1531900115');
INSERT INTO `tplay_admin_log` VALUES ('19', '25', '1', '127.0.0.1', '16', '1531901052');
INSERT INTO `tplay_admin_log` VALUES ('20', '4', '1', '127.0.0.1', '55', '1531905048');
INSERT INTO `tplay_admin_log` VALUES ('21', '4', '1', '127.0.0.1', '56', '1531905195');
INSERT INTO `tplay_admin_log` VALUES ('22', '4', '1', '127.0.0.1', '57', '1531905251');
INSERT INTO `tplay_admin_log` VALUES ('23', '4', '1', '127.0.0.1', '58', '1531905440');
INSERT INTO `tplay_admin_log` VALUES ('24', '4', '1', '127.0.0.1', '58', '1531905466');
INSERT INTO `tplay_admin_log` VALUES ('25', '44', '1', '127.0.0.1', '4', '1531905561');
INSERT INTO `tplay_admin_log` VALUES ('26', '28', '1', '127.0.0.1', '1', '1531906854');
INSERT INTO `tplay_admin_log` VALUES ('27', '4', '1', '127.0.0.1', '59', '1531907791');
INSERT INTO `tplay_admin_log` VALUES ('28', '4', '1', '127.0.0.1', '59', '1531907831');
INSERT INTO `tplay_admin_log` VALUES ('29', '28', '1', '127.0.0.1', '1', '1531907852');
INSERT INTO `tplay_admin_log` VALUES ('30', '50', '1', '127.0.0.1', '', '1531967033');
INSERT INTO `tplay_admin_log` VALUES ('31', '50', '16', '127.0.0.1', '', '1531967343');
INSERT INTO `tplay_admin_log` VALUES ('32', '50', '16', '127.0.0.1', '', '1531967542');
INSERT INTO `tplay_admin_log` VALUES ('33', '50', '1', '127.0.0.1', '', '1531967679');
INSERT INTO `tplay_admin_log` VALUES ('34', '20', '1', '127.0.0.1', '1', '1531967769');
INSERT INTO `tplay_admin_log` VALUES ('35', '50', '1', '127.0.0.1', '', '1531967783');
INSERT INTO `tplay_admin_log` VALUES ('36', '50', '1', '127.0.0.1', '', '1531967821');
INSERT INTO `tplay_admin_log` VALUES ('37', '13', '1', '127.0.0.1', '', '1531969363');

-- ----------------------------
-- Table structure for tplay_admin_menu
-- ----------------------------
DROP TABLE IF EXISTS `tplay_admin_menu`;
CREATE TABLE `tplay_admin_menu` (
  `id` int(11) NOT NULL AUTO_INCREMENT,
  `name` varchar(50) NOT NULL,
  `module` varchar(50) NOT NULL COMMENT '模块',
  `controller` varchar(100) NOT NULL COMMENT '控制器',
  `function` varchar(100) NOT NULL COMMENT '方法',
  `parameter` varchar(50) DEFAULT NULL COMMENT '参数',
  `description` varchar(250) DEFAULT NULL COMMENT '描述',
  `is_display` int(1) NOT NULL DEFAULT '1' COMMENT '1显示在左侧菜单2只作为节点',
  `type` int(1) NOT NULL DEFAULT '1' COMMENT '1权限节点2普通节点',
  `pid` int(11) NOT NULL DEFAULT '0' COMMENT '上级菜单0为顶级菜单',
  `create_time` int(11) NOT NULL,
  `update_time` int(11) NOT NULL,
  `icon` varchar(100) DEFAULT NULL COMMENT '图标',
  `is_open` int(1) NOT NULL DEFAULT '0' COMMENT '0默认闭合1默认展开',
  `orders` int(11) NOT NULL DEFAULT '0' COMMENT '排序值，越小越靠前',
  PRIMARY KEY (`id`),
  KEY `id` (`id`) USING BTREE,
  KEY `module` (`module`) USING BTREE,
  KEY `controller` (`controller`) USING BTREE,
  KEY `function` (`function`) USING BTREE,
  KEY `is_display` (`is_display`) USING BTREE,
  KEY `type` (`type`) USING BTREE
) ENGINE=MyISAM AUTO_INCREMENT=60 DEFAULT CHARSET=utf8 COMMENT='系统菜单表';

-- ----------------------------
-- Records of tplay_admin_menu
-- ----------------------------
INSERT INTO `tplay_admin_menu` VALUES ('1', '系统', '', '', '', '', '系统设置。', '1', '2', '0', '0', '1517015748', 'fa-cog', '1', '0');
INSERT INTO `tplay_admin_menu` VALUES ('2', '菜单', '', '', '', '', '菜单管理。', '1', '2', '1', '0', '1517015764', 'fa-paw', '0', '0');
INSERT INTO `tplay_admin_menu` VALUES ('51', '系统菜单排序', 'admin', 'menu', 'orders', '', '系统菜单排序。', '2', '1', '3', '1517562047', '1517562047', '', '0', '0');
INSERT INTO `tplay_admin_menu` VALUES ('3', '系统菜单', 'admin', 'menu', 'index', null, '系统菜单管理', '1', '2', '2', '0', '0', 'fa-share-alt', '0', '0');
INSERT INTO `tplay_admin_menu` VALUES ('4', '新增/修改系统菜单', 'admin', 'menu', 'publish', '', '新增/修改系统菜单.', '2', '1', '3', '1516948769', '1516948769', '', '0', '0');
INSERT INTO `tplay_admin_menu` VALUES ('5', '删除系统菜单', 'admin', 'menu', 'delete', '', '删除系统菜单。', '2', '1', '3', '1516948857', '1516948857', '', '0', '0');
INSERT INTO `tplay_admin_menu` VALUES ('6', '个人', '', '', '', '', '个人信息管理。', '1', '1', '1', '1516949308', '1517021986', 'fa-user', '0', '0');
INSERT INTO `tplay_admin_menu` VALUES ('7', '个人信息', 'admin', 'admin', 'personal', '', '个人信息修改。', '1', '1', '6', '1516949435', '1516949435', 'fa-user', '0', '0');
INSERT INTO `tplay_admin_menu` VALUES ('8', '修改密码', 'admin', 'admin', 'editpassword', '', '管理员修改个人密码。', '1', '1', '6', '1516949702', '1517619887', 'fa-unlock-alt', '0', '0');
INSERT INTO `tplay_admin_menu` VALUES ('9', '设置', '', '', '', '', '系统相关设置。', '1', '2', '1', '1516949853', '1517015878', 'fa-cog', '0', '0');
INSERT INTO `tplay_admin_menu` VALUES ('10', '网站设置', 'admin', 'webconfig', 'index', '', '网站相关设置首页。', '1', '2', '9', '1516949994', '1516949994', 'fa-bullseye', '0', '0');
INSERT INTO `tplay_admin_menu` VALUES ('11', '修改网站设置', 'admin', 'webconfig', 'publish', '', '修改网站设置。', '2', '1', '10', '1516950047', '1516950047', '', '0', '0');
INSERT INTO `tplay_admin_menu` VALUES ('12', '邮件设置', 'admin', 'emailconfig', 'index', '', '邮件配置首页。', '1', '2', '9', '1516950129', '1516950129', 'fa-envelope', '0', '0');
INSERT INTO `tplay_admin_menu` VALUES ('13', '修改邮件设置', 'admin', 'emailconfig', 'publish', '', '修改邮件设置。', '2', '1', '12', '1516950215', '1516950215', '', '0', '0');
INSERT INTO `tplay_admin_menu` VALUES ('14', '发送测试邮件', 'admin', 'emailconfig', 'mailto', '', '发送测试邮件。', '2', '1', '12', '1516950295', '1516950295', '', '0', '0');
INSERT INTO `tplay_admin_menu` VALUES ('15', '短信设置', 'admin', 'smsconfig', 'index', '', '短信设置首页。', '1', '2', '9', '1516950394', '1516950394', 'fa-comments', '0', '0');
INSERT INTO `tplay_admin_menu` VALUES ('16', '修改短信设置', 'admin', 'smsconfig', 'publish', '', '修改短信设置。', '2', '1', '15', '1516950447', '1516950447', '', '0', '0');
INSERT INTO `tplay_admin_menu` VALUES ('17', '发送测试短信', 'admin', 'smsconfig', 'smsto', '', '发送测试短信。', '2', '1', '15', '1516950483', '1516950483', '', '0', '0');
INSERT INTO `tplay_admin_menu` VALUES ('18', 'URL 设置', 'admin', 'urlsconfig', 'index', '', 'url 设置。', '1', '2', '9', '1516950738', '1516950804', 'fa-code-fork', '0', '0');
INSERT INTO `tplay_admin_menu` VALUES ('19', '新增/修改url设置', 'admin', 'urlsconfig', 'publish', '', '新增/修改url设置。', '2', '1', '18', '1516950850', '1516950850', '', '0', '0');
INSERT INTO `tplay_admin_menu` VALUES ('20', '启用/禁用url美化', 'admin', 'urlsconfig', 'status', '', '启用/禁用url美化。', '2', '1', '18', '1516950909', '1516950909', '', '0', '0');
INSERT INTO `tplay_admin_menu` VALUES ('21', ' 删除url美化规则', 'admin', 'urlsconfig', 'delete', '', ' 删除url美化规则。', '2', '1', '18', '1516950941', '1516950941', '', '0', '0');
INSERT INTO `tplay_admin_menu` VALUES ('22', '会员', '', '', '', '', '会员管理。', '1', '2', '0', '1516950991', '1517015810', 'fa-users', '0', '0');
INSERT INTO `tplay_admin_menu` VALUES ('23', '管理员', '', '', '', '', '系统管理员管理。', '1', '2', '22', '1516951071', '1517015819', 'fa-user', '0', '0');
INSERT INTO `tplay_admin_menu` VALUES ('24', '管理员', 'admin', 'admin', 'index', '', '系统管理员列表。', '1', '2', '23', '1516951163', '1516951163', 'fa-user', '0', '0');
INSERT INTO `tplay_admin_menu` VALUES ('25', '新增/修改管理员', 'admin', 'admin', 'publish', '', '新增/修改系统管理员。', '2', '1', '24', '1516951224', '1516951224', '', '0', '0');
INSERT INTO `tplay_admin_menu` VALUES ('26', '删除管理员', 'admin', 'admin', 'delete', '', '删除管理员。', '2', '1', '24', '1516951253', '1516951253', '', '0', '0');
INSERT INTO `tplay_admin_menu` VALUES ('27', '权限组', 'admin', 'admin', 'admincate', '', '权限分组。', '1', '2', '23', '1516951353', '1517018168', 'fa-dot-circle-o', '0', '0');
INSERT INTO `tplay_admin_menu` VALUES ('28', '新增/修改权限组', 'admin', 'admin', 'admincatepublish', '', '新增/修改权限组。', '2', '1', '27', '1516951483', '1516951483', '', '0', '0');
INSERT INTO `tplay_admin_menu` VALUES ('29', '删除权限组', 'admin', 'admin', 'admincatedelete', '', '删除权限组。', '2', '1', '27', '1516951515', '1516951515', '', '0', '0');
INSERT INTO `tplay_admin_menu` VALUES ('30', '操作日志', 'admin', 'admin', 'log', '', '系统管理员操作日志。', '1', '2', '23', '1516951754', '1517018196', 'fa-pencil', '0', '0');
INSERT INTO `tplay_admin_menu` VALUES ('31', '内容', '', '', '', '', '内容管理。', '1', '2', '0', '1516952262', '1517015835', 'fa-th-large', '0', '0');
INSERT INTO `tplay_admin_menu` VALUES ('32', '文章', '', '', '', '', '文章相关管理。', '1', '2', '31', '1516952698', '1517015846', 'fa-bookmark', '0', '0');
INSERT INTO `tplay_admin_menu` VALUES ('33', '分类', 'admin', 'articlecate', 'index', '', '文章分类管理。', '1', '2', '32', '1516952856', '1516952856', 'fa-tag', '0', '0');
INSERT INTO `tplay_admin_menu` VALUES ('34', '新增/修改文章分类', 'admin', 'articlecate', 'publish', '', '新增/修改文章分类。', '2', '1', '33', '1516952896', '1516952896', '', '0', '0');
INSERT INTO `tplay_admin_menu` VALUES ('35', '删除文章分类', 'admin', 'articlecate', 'delete', '', '删除文章分类。', '2', '1', '33', '1516952942', '1516952942', '', '0', '0');
INSERT INTO `tplay_admin_menu` VALUES ('36', '文章', 'admin', 'article', 'index', '', '文章管理。', '1', '2', '32', '1516953011', '1516953028', 'fa-bookmark', '0', '0');
INSERT INTO `tplay_admin_menu` VALUES ('37', '新增/修改文章', 'admin', 'article', 'publish', '', '新增/修改文章。', '2', '1', '36', '1516953056', '1516953056', '', '0', '0');
INSERT INTO `tplay_admin_menu` VALUES ('38', '审核/拒绝文章', 'admin', 'article', 'status', '', '审核/拒绝文章。', '2', '1', '36', '1516953113', '1516953113', '', '0', '0');
INSERT INTO `tplay_admin_menu` VALUES ('39', '置顶/取消置顶文章', 'admin', 'article', 'is_top', '', '置顶/取消置顶文章。', '2', '1', '36', '1516953162', '1516953162', '', '0', '0');
INSERT INTO `tplay_admin_menu` VALUES ('40', '删除文章', 'admin', 'article', 'delete', '', '删除文章。', '2', '1', '36', '1516953183', '1516953183', '', '0', '0');
INSERT INTO `tplay_admin_menu` VALUES ('41', '附件', 'admin', 'attachment', 'index', '', '附件管理。', '1', '2', '31', '1516953306', '1516953306', 'fa-cube', '0', '0');
INSERT INTO `tplay_admin_menu` VALUES ('42', '附件审核', 'admin', 'attachment', 'audit', '', '附件审核。', '2', '1', '41', '1516953359', '1516953440', '', '0', '0');
INSERT INTO `tplay_admin_menu` VALUES ('43', '附件上传', 'admin', 'attachment', 'upload', '', '附件上传。', '2', '1', '41', '1516953392', '1516953392', '', '0', '0');
INSERT INTO `tplay_admin_menu` VALUES ('44', '附件下载', 'admin', 'attachment', 'download', '', '附件下载。', '2', '1', '41', '1516953430', '1516953430', '', '0', '0');
INSERT INTO `tplay_admin_menu` VALUES ('45', '附件删除', 'admin', 'attachment', 'delete', '', '附件删除。', '2', '1', '41', '1516953477', '1516953477', '', '0', '0');
INSERT INTO `tplay_admin_menu` VALUES ('46', '留言', 'admin', 'tomessages', 'index', '', '留言管理。', '1', '2', '31', '1516953526', '1516953526', 'fa-comments', '0', '0');
INSERT INTO `tplay_admin_menu` VALUES ('47', '留言处理', 'admin', 'tomessages', 'mark', '', '留言处理。', '2', '1', '46', '1516953605', '1516953605', '', '0', '0');
INSERT INTO `tplay_admin_menu` VALUES ('48', '留言删除', 'admin', 'tomessages', 'delete', '', '留言删除。', '2', '1', '46', '1516953648', '1516953648', '', '0', '0');
INSERT INTO `tplay_admin_menu` VALUES ('49', '图片上传', 'admin', 'common', 'upload', '', '图片上传。', '2', '2', '0', '1516954491', '1516954491', '', '0', '0');
INSERT INTO `tplay_admin_menu` VALUES ('50', '管理员登录', 'admin', 'common', 'login', '', '管理员登录。', '2', '2', '0', '1516954517', '1516954517', '', '0', '0');
INSERT INTO `tplay_admin_menu` VALUES ('52', '工具', '', '', '', '', '工具插件', '1', '1', '0', '1531894228', '1531894228', 'fa-briefcase', '0', '0');
INSERT INTO `tplay_admin_menu` VALUES ('53', '下载远程图片', 'admin', 'Tools', 'downloadImage', '', '', '1', '1', '52', '1531895175', '1531895175', '', '0', '0');
INSERT INTO `tplay_admin_menu` VALUES ('54', '导出Excel', 'admin', 'Tools', 'excel', '', '', '1', '1', '52', '1531898571', '1531898571', '', '0', '0');
INSERT INTO `tplay_admin_menu` VALUES ('55', '下载', 'admin', 'Tools', 'download', '', '', '1', '1', '52', '1531905048', '1531905048', '', '0', '0');
INSERT INTO `tplay_admin_menu` VALUES ('56', '二维码生成', 'admin', 'Tools', 'qrcode', '', '', '1', '1', '52', '1531905195', '1531905195', '', '0', '0');
INSERT INTO `tplay_admin_menu` VALUES ('57', '图片上传', 'admin', 'Tools', 'imageUpload', '', '', '1', '1', '52', '1531905251', '1531905251', '', '0', '0');
INSERT INTO `tplay_admin_menu` VALUES ('58', 'ID加密', 'admin', 'Tools', 'hashids', '', '', '1', '1', '52', '1531905440', '1531905466', '', '0', '0');
INSERT INTO `tplay_admin_menu` VALUES ('59', '登录日志', 'admin', 'admin', 'loginLog', '', '查看当前系统的登录记录', '1', '1', '23', '1531907791', '1531907831', '', '0', '0');

-- ----------------------------
-- Table structure for tplay_article
-- ----------------------------
DROP TABLE IF EXISTS `tplay_article`;
CREATE TABLE `tplay_article` (
  `id` int(11) NOT NULL AUTO_INCREMENT,
  `title` varchar(255) NOT NULL,
  `tag` varchar(255) DEFAULT NULL,
  `description` varchar(255) DEFAULT NULL,
  `article_cate_id` int(11) NOT NULL,
  `thumb` int(11) DEFAULT NULL,
  `content` text,
  `admin_id` int(11) NOT NULL,
  `create_time` int(11) NOT NULL,
  `update_time` int(11) NOT NULL,
  `edit_admin_id` int(11) NOT NULL COMMENT '最后修改人',
  `status` int(1) NOT NULL DEFAULT '0' COMMENT '0待审核1已审核',
  `is_top` int(1) NOT NULL DEFAULT '0' COMMENT '1置顶0普通',
  PRIMARY KEY (`id`),
  KEY `id` (`id`) USING BTREE,
  KEY `status` (`status`) USING BTREE,
  KEY `is_top` (`is_top`) USING BTREE,
  KEY `article_cate_id` (`article_cate_id`) USING BTREE,
  KEY `admin_id` (`admin_id`) USING BTREE,
  KEY `create_time` (`create_time`) USING BTREE
) ENGINE=MyISAM DEFAULT CHARSET=utf8;

-- ----------------------------
-- Records of tplay_article
-- ----------------------------

-- ----------------------------
-- Table structure for tplay_article_cate
-- ----------------------------
DROP TABLE IF EXISTS `tplay_article_cate`;
CREATE TABLE `tplay_article_cate` (
  `id` int(11) NOT NULL AUTO_INCREMENT,
  `name` varchar(100) NOT NULL,
  `tag` varchar(250) DEFAULT NULL COMMENT '关键词',
  `description` varchar(250) DEFAULT NULL,
  `create_time` int(11) NOT NULL,
  `update_time` int(11) NOT NULL,
  `pid` int(11) NOT NULL DEFAULT '0',
  PRIMARY KEY (`id`),
  KEY `id` (`id`) USING BTREE
) ENGINE=MyISAM DEFAULT CHARSET=utf8;

-- ----------------------------
-- Records of tplay_article_cate
-- ----------------------------

-- ----------------------------
-- Table structure for tplay_attachment
-- ----------------------------
DROP TABLE IF EXISTS `tplay_attachment`;
CREATE TABLE `tplay_attachment` (
  `id` int(10) unsigned NOT NULL AUTO_INCREMENT,
  `module` char(15) NOT NULL DEFAULT '' COMMENT '所属模块',
  `filename` char(50) NOT NULL DEFAULT '' COMMENT '文件名',
  `filepath` char(200) NOT NULL DEFAULT '' COMMENT '文件路径+文件名',
  `filesize` int(10) unsigned NOT NULL DEFAULT '0' COMMENT '文件大小',
  `fileext` char(10) NOT NULL DEFAULT '' COMMENT '文件后缀',
  `user_id` int(11) unsigned NOT NULL DEFAULT '0' COMMENT '会员ID',
  `uploadip` char(15) NOT NULL DEFAULT '' COMMENT '上传IP',
  `status` tinyint(1) NOT NULL DEFAULT '0' COMMENT '0未审核1已审核-1不通过',
  `create_time` int(11) unsigned NOT NULL DEFAULT '0',
  `admin_id` int(11) NOT NULL COMMENT '审核者id',
  `audit_time` int(11) NOT NULL COMMENT '审核时间',
  `use` varchar(200) DEFAULT NULL COMMENT '用处',
  `download` int(11) NOT NULL DEFAULT '0' COMMENT '下载量',
  PRIMARY KEY (`id`),
  KEY `id` (`id`) USING BTREE,
  KEY `status` (`status`) USING BTREE,
  KEY `filename` (`filename`) USING BTREE,
  KEY `create_time` (`create_time`) USING BTREE
) ENGINE=InnoDB AUTO_INCREMENT=5 DEFAULT CHARSET=utf8 ROW_FORMAT=DYNAMIC COMMENT='附件表';

-- ----------------------------
-- Records of tplay_attachment
-- ----------------------------
INSERT INTO `tplay_attachment` VALUES ('1', 'admin', '79811855a6c06de53047471c4ff82a36.jpg', '\\uploads\\admin\\admin_thumb\\20180104\\79811855a6c06de53047471c4ff82a36.jpg', '13781', 'jpg', '1', '127.0.0.1', '1', '1515046060', '1', '1515046060', 'admin_thumb', '0');
INSERT INTO `tplay_attachment` VALUES ('2', 'admin', '4393b46c03ec49a10030b942f2332fdf.png', '\\uploads\\admin\\admin_thumb\\20180717\\4393b46c03ec49a10030b942f2332fdf.png', '1918', 'png', '1', '127.0.0.1', '1', '1531818997', '1', '1531818997', 'admin_thumb', '0');
INSERT INTO `tplay_attachment` VALUES ('3', 'admin', 'e4fbbdfe110d55457160672c77c6023a.jpg', '\\uploads\\admin\\admin_thumb\\20180717\\e4fbbdfe110d55457160672c77c6023a.jpg', '11556', 'jpg', '1', '127.0.0.1', '1', '1531819070', '1', '1531819070', 'admin_thumb', '0');
INSERT INTO `tplay_attachment` VALUES ('4', 'admin', 'ba17d06dc27a03277f6a10ed14186921.jpg', '\\uploads\\admin\\admin_thumb\\20180717\\ba17d06dc27a03277f6a10ed14186921.jpg', '6770', 'jpg', '1', '127.0.0.1', '1', '1531820727', '1', '1531820727', 'admin_thumb', '1');

-- ----------------------------
-- Table structure for tplay_emailconfig
-- ----------------------------
DROP TABLE IF EXISTS `tplay_emailconfig`;
CREATE TABLE `tplay_emailconfig` (
  `email` varchar(5) NOT NULL COMMENT '邮箱配置标识',
  `from_email` varchar(50) NOT NULL COMMENT '邮件来源也就是邮件地址',
  `from_name` varchar(50) NOT NULL,
  `smtp` varchar(50) NOT NULL COMMENT '邮箱smtp服务器',
  `username` varchar(100) NOT NULL COMMENT '邮箱账号',
  `password` varchar(100) NOT NULL COMMENT '邮箱密码',
  `title` varchar(200) NOT NULL COMMENT '邮件标题',
  `content` text NOT NULL COMMENT '邮件模板',
  KEY `email` (`email`) USING BTREE
) ENGINE=MyISAM DEFAULT CHARSET=utf8;

-- ----------------------------
-- Records of tplay_emailconfig
-- ----------------------------
INSERT INTO `tplay_emailconfig` VALUES ('email', 'kai_www@163.com', 'kervin', 'smtp.163.com', 'kai_www@163.com', 'kai19931215.', '测试邮件', '<p>哈哈哈哈哈</p>');

-- ----------------------------
-- Table structure for tplay_login_log
-- ----------------------------
DROP TABLE IF EXISTS `tplay_login_log`;
CREATE TABLE `tplay_login_log` (
  `id` int(10) unsigned NOT NULL AUTO_INCREMENT,
  `admin_id` mediumint(8) unsigned NOT NULL DEFAULT '0',
  `login_ip` char(15) NOT NULL DEFAULT '',
  `login_location` varchar(255) NOT NULL DEFAULT '',
  `login_browser` varchar(255) NOT NULL DEFAULT '',
  `login_os` varchar(255) NOT NULL DEFAULT '',
  `login_time` timestamp NOT NULL DEFAULT CURRENT_TIMESTAMP ON UPDATE CURRENT_TIMESTAMP,
  PRIMARY KEY (`id`),
  KEY `uid` (`admin_id`)
) ENGINE=InnoDB AUTO_INCREMENT=33 DEFAULT CHARSET=utf8;

-- ----------------------------
-- Records of tplay_login_log
-- ----------------------------
INSERT INTO `tplay_login_log` VALUES ('1', '1', '127.0.0.1', '本机地址 本机地址  ', 'Chrome(65.0.3325.181)', 'Windows 7', '2018-06-25 18:30:39');
INSERT INTO `tplay_login_log` VALUES ('2', '1', '127.0.0.1', '本机地址 本机地址  ', 'Chrome(65.0.3325.181)', 'Windows 7', '2018-06-27 09:17:40');
INSERT INTO `tplay_login_log` VALUES ('3', '1', '127.0.0.1', '本机地址 本机地址  ', 'Chrome(65.0.3325.181)', 'Windows 7', '2018-07-05 11:50:18');
INSERT INTO `tplay_login_log` VALUES ('4', '1', '127.0.0.1', '本机地址 本机地址  ', 'Chrome(65.0.3325.181)', 'Windows 7', '2018-07-06 09:16:26');
INSERT INTO `tplay_login_log` VALUES ('5', '1', '127.0.0.1', '本机地址 本机地址  ', 'Chrome(65.0.3325.181)', 'Windows 7', '2018-07-09 09:53:37');
INSERT INTO `tplay_login_log` VALUES ('6', '1', '127.0.0.1', '本机地址 本机地址  ', 'Chrome(65.0.3325.181)', 'Windows 7', '2018-07-17 16:12:00');
INSERT INTO `tplay_login_log` VALUES ('7', '1', '127.0.0.1', '本机地址 本机地址  ', 'Chrome(65.0.3325.181)', 'Windows 7', '2018-07-18 13:47:36');
INSERT INTO `tplay_login_log` VALUES ('8', '1', '127.0.0.1', '本机地址 本机地址  ', 'Chrome(65.0.3325.181)', 'Windows 7', '2018-07-18 17:11:32');
INSERT INTO `tplay_login_log` VALUES ('9', '1', '127.0.0.1', '本机地址 本机地址  ', 'Chrome(65.0.3325.181)', 'Windows 7', '2018-06-25 18:30:39');
INSERT INTO `tplay_login_log` VALUES ('10', '1', '127.0.0.1', '本机地址 本机地址  ', 'Chrome(65.0.3325.181)', 'Windows 7', '2018-06-27 09:17:40');
INSERT INTO `tplay_login_log` VALUES ('11', '1', '127.0.0.1', '本机地址 本机地址  ', 'Chrome(65.0.3325.181)', 'Windows 7', '2018-07-05 11:50:18');
INSERT INTO `tplay_login_log` VALUES ('12', '1', '127.0.0.1', '本机地址 本机地址  ', 'Chrome(65.0.3325.181)', 'Windows 8', '2018-07-05 11:29:03');
INSERT INTO `tplay_login_log` VALUES ('13', '1', '127.0.0.1', '本机地址 本机地址  ', 'Chrome(65.0.3325.181)', 'Windows 10', '2018-07-06 11:29:05');
INSERT INTO `tplay_login_log` VALUES ('14', '16', '127.0.0.1', '本机地址 本机地址  ', 'Chrome(65.0.3325.181)', 'Windows 7', '2018-07-06 11:42:49');
INSERT INTO `tplay_login_log` VALUES ('15', '16', '127.0.0.1', '本机地址 本机地址  ', 'Chrome(65.0.3325.181)', 'Windows 10', '2018-07-07 11:29:51');
INSERT INTO `tplay_login_log` VALUES ('16', '1', '127.0.0.1', '本机地址 本机地址  ', 'Chrome(65.0.3325.181)', 'Windows 7', '2018-07-18 17:11:32');
INSERT INTO `tplay_login_log` VALUES ('17', '1', '127.0.0.1', '本机地址 本机地址  ', 'Chrome(65.0.3325.181)', 'Windows 7', '2018-06-25 18:30:39');
INSERT INTO `tplay_login_log` VALUES ('18', '16', '127.0.0.1', '本机地址 本机地址  ', 'Chrome(65.0.3325.181)', 'Windows 8', '2018-07-19 11:29:52');
INSERT INTO `tplay_login_log` VALUES ('19', '1', '127.0.0.1', '本机地址 本机地址  ', 'Chrome(65.0.3325.181)', 'Windows 7', '2018-07-05 11:50:18');
INSERT INTO `tplay_login_log` VALUES ('20', '16', '127.0.0.1', '本机地址 本机地址  ', 'Chrome(65.0.3325.181)', 'Windows 7', '2018-07-19 11:29:52');
INSERT INTO `tplay_login_log` VALUES ('21', '1', '127.0.0.1', '本机地址 本机地址  ', 'Chrome(65.0.3325.181)', 'Windows 10', '2018-07-19 11:28:54');
INSERT INTO `tplay_login_log` VALUES ('22', '1', '127.0.0.1', '本机地址 本机地址  ', 'Chrome(65.0.3325.181)', 'Windows 8', '2018-07-19 11:29:01');
INSERT INTO `tplay_login_log` VALUES ('23', '16', '127.0.0.1', '本机地址 本机地址  ', 'Chrome(65.0.3325.181)', 'Windows 7', '2018-07-19 11:29:53');
INSERT INTO `tplay_login_log` VALUES ('24', '1', '127.0.0.1', '本机地址 本机地址  ', 'Chrome(65.0.3325.181)', 'Windows 7', '2018-07-18 17:11:32');
INSERT INTO `tplay_login_log` VALUES ('25', '1', '127.0.0.1', '本机地址 本机地址  ', 'Chrome(65.0.3325.181)', 'Windows 8', '2018-07-19 11:29:25');
INSERT INTO `tplay_login_log` VALUES ('26', '16', '127.0.0.1', '本机地址 本机地址  ', 'Chrome(65.0.3325.181)', 'Windows 8', '2018-07-19 11:29:54');
INSERT INTO `tplay_login_log` VALUES ('27', '1', '127.0.0.1', '本机地址 本机地址  ', 'Chrome(65.0.3325.181)', 'Windows 7', '2018-07-05 11:50:18');
INSERT INTO `tplay_login_log` VALUES ('28', '1', '127.0.0.1', '本机地址 本机地址  ', 'Chrome(65.0.3325.181)', 'Windows 8', '2018-07-02 11:29:28');
INSERT INTO `tplay_login_log` VALUES ('29', '16', '127.0.0.1', '本机地址 本机地址  ', 'Chrome(65.0.3325.181)', 'Windows 7', '2018-07-19 11:29:56');
INSERT INTO `tplay_login_log` VALUES ('30', '1', '127.0.0.1', '本机地址 本机地址  ', 'Chrome(45.0.3325.181)', 'Windows 8', '2018-07-01 11:29:35');
INSERT INTO `tplay_login_log` VALUES ('31', '16', '127.0.0.1', '本机地址 本机地址  ', 'Chrome(65.0.3325.181)', 'Windows 7', '2018-07-19 11:30:00');
INSERT INTO `tplay_login_log` VALUES ('32', '16', '127.0.0.1', '本机地址 本机地址  ', 'Chrome(65.0.3325.181)', 'Windows 7', '2018-07-05 11:29:58');

-- ----------------------------
-- Table structure for tplay_messages
-- ----------------------------
DROP TABLE IF EXISTS `tplay_messages`;
CREATE TABLE `tplay_messages` (
  `id` int(11) NOT NULL AUTO_INCREMENT,
  `create_time` int(11) NOT NULL,
  `ip` varchar(50) NOT NULL,
  `is_look` int(1) NOT NULL DEFAULT '0' COMMENT '0未读1已读',
  `message` text NOT NULL,
  `update_time` int(11) NOT NULL,
  PRIMARY KEY (`id`),
  KEY `id` (`id`) USING BTREE,
  KEY `is_look` (`is_look`) USING BTREE,
  KEY `create_time` (`create_time`) USING BTREE
) ENGINE=MyISAM DEFAULT CHARSET=utf8;

-- ----------------------------
-- Records of tplay_messages
-- ----------------------------

-- ----------------------------
-- Table structure for tplay_smsconfig
-- ----------------------------
DROP TABLE IF EXISTS `tplay_smsconfig`;
CREATE TABLE `tplay_smsconfig` (
  `sms` varchar(10) NOT NULL DEFAULT 'sms' COMMENT '标识',
  `appkey` varchar(200) NOT NULL,
  `secretkey` varchar(200) NOT NULL,
  `type` varchar(100) DEFAULT 'normal' COMMENT '短信类型',
  `name` varchar(100) NOT NULL COMMENT '短信签名',
  `code` varchar(100) NOT NULL COMMENT '短信模板ID',
  `content` text NOT NULL COMMENT '短信默认模板',
  KEY `sms` (`sms`) USING BTREE
) ENGINE=MyISAM DEFAULT CHARSET=utf8;

-- ----------------------------
-- Records of tplay_smsconfig
-- ----------------------------
INSERT INTO `tplay_smsconfig` VALUES ('sms', '', '', '', '', '', '');

-- ----------------------------
-- Table structure for tplay_urlconfig
-- ----------------------------
DROP TABLE IF EXISTS `tplay_urlconfig`;
CREATE TABLE `tplay_urlconfig` (
  `id` int(11) NOT NULL AUTO_INCREMENT,
  `aliases` varchar(200) NOT NULL COMMENT '想要设置的别名',
  `url` varchar(200) NOT NULL COMMENT '原url结构',
  `desc` text COMMENT '备注',
  `status` int(1) NOT NULL DEFAULT '1' COMMENT '0禁用1使用',
  `create_time` int(11) NOT NULL,
  `update_time` int(11) NOT NULL,
  PRIMARY KEY (`id`),
  KEY `id` (`id`) USING BTREE,
  KEY `status` (`status`) USING BTREE
) ENGINE=MyISAM AUTO_INCREMENT=2 DEFAULT CHARSET=utf8;

-- ----------------------------
-- Records of tplay_urlconfig
-- ----------------------------
INSERT INTO `tplay_urlconfig` VALUES ('1', 'admin_login', 'admin/common/login', '后台登录地址', '0', '1517621629', '1531820397');

-- ----------------------------
-- Table structure for tplay_webconfig
-- ----------------------------
DROP TABLE IF EXISTS `tplay_webconfig`;
CREATE TABLE `tplay_webconfig` (
  `web` varchar(20) NOT NULL COMMENT '网站配置标识',
  `name` varchar(200) NOT NULL COMMENT '网站名称',
  `keywords` text COMMENT '关键词',
  `desc` text COMMENT '描述',
  `is_log` int(1) NOT NULL DEFAULT '1' COMMENT '1开启日志0关闭',
  `file_type` varchar(200) DEFAULT NULL COMMENT '允许上传的类型',
  `file_size` bigint(20) DEFAULT NULL COMMENT '允许上传的最大值',
  `statistics` text COMMENT '统计代码',
  `black_ip` text COMMENT 'ip黑名单',
  `url_suffix` varchar(20) DEFAULT NULL COMMENT 'url伪静态后缀',
  KEY `web` (`web`) USING BTREE
) ENGINE=MyISAM DEFAULT CHARSET=utf8;

-- ----------------------------
-- Records of tplay_webconfig
-- ----------------------------
INSERT INTO `tplay_webconfig` VALUES ('web', 'Tplay后台管理框架', 'Tplay,后台管理,thinkphp5,layui', 'Tplay是一款基于ThinkPHP5.0.12 + layui2.2.45 + ECharts + Mysql开发的后台管理框架，集成了一般应用所必须的基础性功能，为开发者节省大量的时间。', '1', 'jpg,png,gif,mp4,zip,jpeg', '500', '', '', null);
